tarikh,rows_read,rows_written,storage_bytes,pct_tertinggi
2026-09-09,627991252,0,887779328,125.6
2026-09-10,627991252,0,887779328,125.6
2026-09-11,627991252,0,887779328,125.6
2026-09-12,627991252,0,887779328,125.6
2026-09-13,627991252,0,887779328,125.6
2026-09-14,627991252,0,887779328,125.6
2026-09-15,627991252,0,887779328,125.6
2026-09-16,627991252,0,887779328,125.6
2026-09-17,627991252,0,887779328,125.6
2026-09-18,627991252,0,887779328,125.6
2026-09-19,627991252,0,887779328,125.6
2026-09-20,627991252,0,887779328,125.6
2026-09-21,627991252,0,887779328,125.6
2026-09-22,627991252,0,887779328,125.6
2026-09-23,627991252,0,887779328,125.6
2026-09-24,627991252,0,887779328,125.6
2026-09-25,627991252,0,887779328,125.6
2026-09-26,627991252,0,887779328,125.6
2026-09-27,627991252,0,887779328,125.6
2026-09-28,627991252,0,887779328,125.6
2026-09-29,627991252,0,887779328,125.6
2026-09-30,627991252,0,887779328,125.6
2026-10-01,0,0,887779328,17.8
2026-10-02,95008,0,887779328,17.8
2026-10-03,157940,0,887779328,17.8
2026-10-04,366339,0,887779328,17.8
2026-10-05,683869,0,887779328,17.8
2026-10-06,711772,0,887779328,17.8
2026-10-07,2225668,0,887779328,17.8
2026-10-08,2770755,0,887779328,17.8
2026-10-09,3004062,0,887779328,17.8
2026-10-10,3775475,0,887779328,17.8
